"validation_rank","gene_name","log2FoldChange","abs_log2FC","pvalue","padj","direction","validation_status","AUC","CI_lower","CI_upper","sensitivity","specificity","ROC_rank","stability_score","stability_rank","top10_stability","top20_stability","importance","ML_rank","baseMean","lfcSE","stat","score_AUC","score_sensitivity","score_specificity","score_stability","score_ML","score_DE","integrated_score","integrated_rank"
2,"FAM83A",9.45909328661675,9.45909328661675,1.92225150376063e-291,3.84450300752126e-290,"Up in Tumor","Strongly validated",0.995226042100541,0.990976329516303,0.99947575468478,0.975425330812854,0.983050847457627,2,0.594367184547213,5,1,1,0.087044779947928,5,8871.98488035738,0.259260231518355,36.4849372818178,0.995226042100541,0.975425330812854,0.983050847457627,0.897435897435897,0.897435897435897,0.846153846153846,0.93701513848257,1
1,"PYCR1",6.55862975962429,6.55862975962429,8.02193638395307e-293,3.20877455358123e-293,"Up in Tumor","Strongly validated",0.997853320944539,0.995472784627874,1,0.984877126654064,1,1,0.684334713427917,3,1,1,0.0898994923477364,4,5093.08924797859,0.172087057422062,38.1122779241821,0.997853320944539,0.984877126654064,1,0.948717948717949,0.923076923076923,0.538461538461538,0.925400027439373,2
15,"MMP11",6.81437647600255,6.81437647600255,1.09103788278964e-138,2.90943435410571e-138,"Up in Tumor","Strongly validated",0.993399762904104,0.986191662708621,1,0.975425330812854,0.966101694915254,3,0.193880097708725,11,0.4,1,0.0163461014703673,13,7791.34968788786,0.271827748490193,25.0687301566948,0.993399762904104,0.975425330812854,0.966101694915254,0.743589743589744,0.692307692307692,0.564102564102564,0.834863653429223,3
3,"B3GNT3",6.88764348583213,6.88764348583213,7.50430065095572e-255,1.00057342012743e-253,"Up in Tumor","Strongly validated",0.99160552369357,0.985890970055908,0.997320077331231,0.973534971644612,0.966101694915254,4,0.08572451998899,13,0.2,1,0.0135961206582946,14,2683.17216040775,0.201986669375398,34.0994953138776,0.99160552369357,0.973534971644612,0.966101694915254,0.692307692307692,0.666666666666667,0.58974358974359,0.821311026930841,4
6,"ABCA12",7.82095568585552,7.82095568585552,3.22182614036126e-192,2.14788409357417e-191,"Up in Tumor","Strongly validated",0.989522924609913,0.981033354366917,0.99801249485291,0.952741020793951,0.949152542372881,6,0.0224975037413515,18,0,1,0.00956740510470825,17,795.805551823638,0.264453215317693,29.5740616216749,0.989522924609913,0.952741020793951,0.949152542372881,0.564102564102564,0.58974358974359,0.666666666666667,0.782643035944756,5
16,"PTPRH",6.55310509259853,6.55310509259853,3.53236508701171e-134,8.83091271752927e-134,"Up in Tumor","Strongly validated",0.983691647175675,0.972241987982043,0.995141306369307,0.935727788279773,0.983050847457627,10,0.0272697726903618,16,0,0.4,0.00689324365126961,18,986.347000383826,0.265828151126017,24.6516595960223,0.983691647175675,0.935727788279773,0.983050847457627,0.615384615384615,0.564102564102564,0.512820512820513,0.771766651961135,6
12,"EEF1A2",9.20020052507496,9.20020052507496,4.22857311596087e-159,1.40952437198696e-158,"Up in Tumor","Strongly validated",0.966165774887059,0.951333186414524,0.980998363359594,0.888468809073724,0.966101694915254,15,0.0366889224183671,15,0,0,0.00376650987652299,25,3940.27376621615,0.342324530463805,26.8756682806514,0.966165774887059,0.888468809073724,0.966101694915254,0.641025641025641,0.384615384615385,0.794871794871795,0.756037319189733,7
17,"SYT12",7.01026428411212,7.01026428411212,8.94297539091938e-128,2.10422950374574e-127,"Up in Tumor","Strongly validated",0.989202524750889,0.976194259153471,1,0.969754253308129,0.966101694915254,8,0.017248460880369,20,0,0.6,0.0052604574778581,22,1668.50064076065,0.291521736225619,24.0471409606543,0.989202524750889,0.969754253308129,0.966101694915254,0.512820512820513,0.461538461538462,0.615384615384615,0.745784195085723,8
19,"CST1",7.56023622630023,7.56023622630023,4.75093640023989e-101,1.00019713689261e-100,"Up in Tumor","Strongly validated",0.965573035147865,0.94851111335089,0.982634956944839,0.950850661625709,0.932203389830508,16,0.0129137744917298,22,0,0.4,0.00617801418075867,20,969.897621360351,0.354262636768915,21.3407665433026,0.965573035147865,0.950850661625709,0.932203389830508,0.461538461538462,0.512820512820513,0.641025641025641,0.736215555988232,9
5,"COL11A1",9.09657258660324,9.09657258660324,1.2538012306485e-192,1.0030409845188e-191,"Up in Tumor","Strongly validated",0.978837589311461,0.967290429655091,0.99038474896783,0.950850661625709,0.949152542372881,12,0.0149340507029245,21,0,0.4,0.00402870011774748,24,4111.22019513503,0.307255188627896,29.6059201708705,0.978837589311461,0.950850661625709,0.949152542372881,0.487179487179487,0.41025641025641,0.743589743589744,0.736098404655164,10
13,"TRPM8",9.59299032865148,9.59299032865148,4.02694337349444e-155,1.23905949953675e-154,"Up in Tumor","Strongly validated",0.976530710326487,0.965430131181789,0.987631289471186,0.91304347826087,1,13,0.00838017622076494,26,0,0,0.00363016994396829,26,465.748579154352,0.361548356881923,26.5330768237578,0.976530710326487,0.91304347826087,1,0.358974358974359,0.358974358974359,0.871794871794872,0.711858430089983,11
11,"TMPRSS11E",9.69476108621997,9.69476108621997,7.5564884167868e-169,2.74781396974065e-168,"Up in Tumor","Strongly validated",0.966454134760181,0.952572761966828,0.980335507553533,0.88468809073724,1,14,0.00898959953928375,25,0,0.2,0.00281056073147667,30,810.730040545535,0.350027390944404,27.697149814655,0.966454134760181,0.88468809073724,1,0.384615384615385,0.256410256410256,0.923076923076923,0.694829567813452,12
4,"CRABP2",8.22271759677041,8.22271759677041,3.31130242296664e-206,3.31130242296664e-205,"Up in Tumor","Strongly validated",0.990388004229278,0.983190224662458,0.997585783796099,0.98109640831758,0.949152542372881,5,-0.00355612564578612,38,0,0.4,0.00984802066209478,16,10810.9883007897,0.26834226500648,30.6426480993288,0.990388004229278,0.98109640831758,0.949152542372881,0.0512820512820513,0.615384615384615,0.692307692307692,0.692240819106347,13
7,"CYP24A1",9.62983397549059,9.62983397549059,5.54000914735719e-185,3.16571951277554e-184,"Up in Tumor","Strongly validated",0.982874627535164,0.973822646775015,0.991926608295313,0.914933837429111,0.983050847457627,11,0.00687902734887448,30,0,0,0.0025270438148018,32,5988.96204977517,0.331995439223587,29.005922484993,0.982874627535164,0.914933837429111,0.983050847457627,0.256410256410256,0.205128205128205,0.897435897435897,0.663315099295202,14
10,"PITX2",11.4683154220349,11.4683154220349,1.45809085215799e-175,5.83236340863195e-175,"Up in Tumor","Strongly validated",0.963698695972574,0.950109062354569,0.977288329590578,0.924385633270321,1,17,-0.02299150801501,39,0,0.4,0.00350568139527132,27,485.066961728628,0.405970322937254,28.2491472259844,0.963698695972574,0.924385633270321,1,0.0256410256410257,0.333333333333333,1,0.651377390778563,15
8,"PPP1R14D",8.94844559690494,8.94844559690494,3.13479551194323e-181,1.56739775597162e-180,"Up in Tumor","Strongly validated",0.986062606132453,0.976745405063508,0.995379807201399,0.941398865784499,0.949152542372881,9,0.00734461653958949,29,0,0.2,0.00133582911100631,36,846.035743947438,0.311718287621108,28.7068354737715,0.986062606132453,0.941398865784499,0.949152542372881,0.282051282051282,0.102564102564103,0.717948717948718,0.631358684356025,16
9,"MYEOV",9.16976968888518,9.16976968888518,1.10091482709406e-177,4.8929547870847e-177,"Up in Tumor","Strongly validated",0.989490884624011,0.98271988206082,0.996261887187202,0.964083175803403,0.949152542372881,7,-0.0447384669619712,40,0,0.4,0.00276928817065332,31,1189.23247968265,0.322636395247164,28.4213741039986,0.989490884624011,0.964083175803403,0.949152542372881,0,0.230769230769231,0.769230769230769,0.609977374840724,17
18,"FGL1",9.37008797063304,9.37008797063304,3.90137386029892e-114,8.66971968955316e-114,"Up in Tumor","Strongly validated",0.958924738073115,0.940357174275273,0.977492301870958,0.899810964083176,0.983050847457627,18,0.0032046506549001,34,0,0,0.00109814705180329,37,2746.5463372127,0.412668689597011,22.7060792515743,0.958924738073115,0.899810964083176,0.983050847457627,0.153846153846154,0.0769230769230769,0.82051282051282,0.601213042081646,18
21,"AGER",-2.89557217187103,2.89557217187103,7.90802556244607e-44,1.50629058332306e-43,"Down in Tumor","Strongly validated",0.0193521514850533,0.00966928252310723,0.0290350204469995,1,0,40,0.768247100688669,2,1,1,0.161725539198809,1,3919.04610962651,0.208553006529834,-13.8841065878224,0.0193521514850533,1,0,0.974358974358974,1,0.461538461538462,0.595863678896905,19
14,"PRAME",10.460915019936,10.460915019936,8.08448029284803e-143,2.3098515122423e-142,"Up in Tumor","Strongly validated",0.942312005382718,0.919251462591163,0.965372548174272,0.943289224952741,0.864406779661017,19,0.00211218107961687,35,0,0,0.00085934021051757,38,1619.145423405,0.411123848829478,25.4446805986068,0.942312005382718,0.943289224952741,0.864406779661017,0.128205128205128,0.0512820512820513,0.948717948717949,0.594281293823923,20
40,"EMP2",0.0510080124450551,0.0510080124450551,0.645781912706679,0.645781912706679,"Up in Tumor","Not validated",0.495017782192176,0.427781677721661,0.56225388666269,0.338374291115312,0.779661016949153,24,0.330374086466319,8,0.8,1,0.0558271154550842,7,10599.357057016,0.110976277615591,0.459629873527937,0.495017782192176,0.338374291115312,0.779661016949153,0.82051282051282,0.846153846153846,0,0.58581002424359,21
36,"STX11",-0.281993034301034,0.281993034301034,0.0108907945767152,0.0121008828630169,"Down in Tumor","Weakly validated",0.33395277306078,0.275619829262739,0.392285716858821,0.0283553875236295,1,29,0.637909970046595,4,1,1,0.119584658599653,2,531.808884521016,0.110751264710884,-2.54618342316159,0.33395277306078,0.0283553875236295,1,0.923076923076923,0.974358974358974,0.102564102564103,0.577485091137329,22
26,"OTUD1",0.864524907057805,0.864524907057805,3.50063301125596e-17,5.3855892480861e-17,"Up in Tumor","Weakly validated",0.802281246996251,0.745834702693792,0.858727791298711,0.77882797731569,0.711864406779661,21,0.00958036795991066,24,0,0.4,0.00334904508321403,28,989.363885275079,0.102571373285529,8.42852034993448,0.802281246996251,0.77882797731569,0.711864406779661,0.41025641025641,0.307692307692308,0.282051282051282,0.560375820819254,23
24,"FABP4",-2.66962699395586,2.66962699395586,3.59757757962071e-32,5.99596263270118e-32,"Down in Tumor","Strongly validated",0.0533465765275063,0.0355101342150594,0.0711830188399533,0.00189035916824197,1,38,0.842906482078274,1,1,1,0.0968926361834514,3,323.520097838945,0.226108175639941,-11.8068574318473,0.0533465765275063,0.00189035916824197,1,1,0.948717948717949,0.435897435897436,0.546953531340446,24
20,"FGB",10.55941630909,10.55941630909,2.58839477075731e-94,5.17678954151462e-94,"Up in Tumor","Strongly validated",0.837076671686264,0.802605889471159,0.87154745390137,0.722117202268431,0.915254237288136,20,0.0007875150047988,37,0,0,0.00038677634802872,40,8546.31987035084,0.512522498316124,20.6028346926869,0.837076671686264,0.722117202268431,0.915254237288136,0.0769230769230769,0,0.974358974358974,0.521932684811157,25
29,"RTKN2",-1.29672663262783,1.29672663262783,9.16851582021269e-16,1.26462287175347e-15,"Down in Tumor","Validated",0.137932139309859,0.0939672687343387,0.181897009885379,0.00378071833648393,1,34,0.477398342459286,6,1,1,0.0770880844142994,6,1011.03314845283,0.16133444606106,-8.0375063372211,0.137932139309859,0.00378071833648393,1,0.871794871794872,0.871794871794872,0.333333333333333,0.517101424629219,26
33,"ACVRL1",0.30625456574701,0.30625456574701,2.69158014695584e-05,3.2625213902495e-05,"Up in Tumor","Weakly validated",0.658101310435423,0.593467868024752,0.722734752846095,0.32703213610586,0.949152542372881,22,0.0113184086464503,23,0,0.2,0.00530609226710022,21,1571.27675382295,0.0729506710261607,4.19810484864744,0.658101310435423,0.32703213610586,0.949152542372881,0.435897435897436,0.487179487179487,0.128205128205128,0.50593129969792,27
28,"CLEC3B",-1.19969563887108,1.19969563887108,2.71221984705018e-16,3.87459978150026e-16,"Down in Tumor","Validated",0.0742366473358752,0.0515634313805399,0.0969098632912104,0.0113421550094518,1,36,0.430993162523005,7,1,1,0.0493692635570869,8,199.304634163278,0.146563883862681,-8.18547930945326,0.0742366473358752,0.0113421550094518,1,0.846153846153846,0.82051282051282,0.307692307692308,0.484363049187951,28
23,"FAM107A",-1.83363671923585,1.83363671923585,8.59804812134331e-33,1.49531271675536e-32,"Down in Tumor","Validated",0.0682932299509788,0.0422312084261863,0.0943552514757714,0.0056710775047259,1,37,0.298129471659137,9,0.8,1,0.0437294394710612,9,592.96031086392,0.153743021818586,-11.9266337915454,0.0682932299509788,0.0056710775047259,1,0.794871794871795,0.794871794871795,0.384615384615385,0.47433422552371,29
22,"SLC6A4",-3.4535579771805,3.4535579771805,3.96473510697151e-36,7.20860928540275e-36,"Down in Tumor","Strongly validated",0.0315914260997725,0.0136026546204078,0.0495801975791373,0.00189035916824197,1,39,0.210820063354502,10,0.4,1,0.0348019385019057,10,218.631602807218,0.275179369350949,-12.550206744518,0.0315914260997725,0.00189035916824197,1,0.769230769230769,0.769230769230769,0.487179487179487,0.464591666810436,30
38,"RGCC",-0.0694106077031111,0.0694106077031111,0.416590270789611,0.43851607451538,"Down in Tumor","Not validated",0.425747332671174,0.357779949935991,0.493714715406356,0.198487712665406,0.864406779661017,26,0.0190820502677192,19,0,0.4,0.0108686740855852,15,2186.75509048975,0.0854441124313017,-0.812350971038739,0.425747332671174,0.198487712665406,0.864406779661017,0.538461538461538,0.641025641025641,0.0512820512820513,0.463676309059347,31
30,"EDNRB",-0.73970610307863,0.73970610307863,1.94854872737113e-09,2.59806496982817e-09,"Down in Tumor","Weakly validated",0.14180897760405,0.105396341832,0.1782216133761,0.00945179584120983,1,33,0.179558639968405,12,0.4,1,0.0288991303409803,11,794.151922520387,0.1232424684826,-6.00203900640847,0.14180897760405,0.00945179584120983,1,0.717948717948718,0.743589743589744,0.256410256410256,0.454818731725912,32
39,"S1PR1",-0.0544015854373834,0.0544015854373834,0.452796291748843,0.464406453075736,"Down in Tumor","Not validated",0.45725865880619,0.383351062108221,0.531166255504159,0.113421550094518,0.915254237288136,25,0.0229455325526041,17,0,0.4,0.00665695017872773,19,1126.16593054792,0.0724618884548055,-0.750761353277643,0.45725865880619,0.113421550094518,0.915254237288136,0.58974358974359,0.538461538461538,0.0256410256410257,0.451058449149667,33
31,"TEK",-0.468002597739623,0.468002597739623,3.62574577615097e-07,4.67838164664642e-07,"Down in Tumor","Weakly validated",0.175162602928455,0.134977009476355,0.215348196380554,0.0170132325141777,1,31,0.0489266333002521,14,0,1,0.020041200691821,12,524.565933416583,0.0919884146208012,-5.08762543271177,0.175162602928455,0.0170132325141777,1,0.666666666666667,0.717948717948718,0.205128205128205,0.443778533045138,34
35,"EPAS1",0.324963706468827,0.324963706468827,0.00127534706168194,0.00145753949906508,"Up in Tumor","Weakly validated",0.549677998141681,0.494994410329231,0.604361585954131,0.357277882797732,0.898305084745763,23,0.00795768697533149,28,0,0,0.00247406337520101,33,19901.7679749822,0.100874346852551,3.22147024102995,0.549677998141681,0.357277882797732,0.898305084745763,0.307692307692308,0.17948717948718,0.153846153846154,0.393662203250169,35
34,"RAMP3",-0.337285092708064,0.337285092708064,0.00031793551052385,0.00037404177708689,"Down in Tumor","Weakly validated",0.36285284034475,0.287084798745582,0.438620881943918,0.00378071833648393,1,28,0.00679024950354573,31,0,0,0.00490330290471684,23,625.726591597006,0.0936843115161441,-3.60023025466694,0.36285284034475,0.00378071833648393,1,0.230769230769231,0.435897435897436,0.17948717948718,0.342562369118711,36
27,"TMEM100",-1.62600489545735,1.62600489545735,1.58457363615512e-16,2.34751649800759e-16,"Down in Tumor","Validated",0.119861587260902,0.0799852888860139,0.159737885635789,0.0113421550094518,1,35,0.00824339529105825,27,0,0.2,0.00329850827004291,29,407.605843661871,0.197092634862383,-8.24995260017037,0.119861587260902,0.0113421550094518,1,0.333333333333333,0.282051282051282,0.358974358974359,0.290641079041002,37
25,"FCN3",-1.8445493553318,1.8445493553318,1.59324769462177e-27,2.54919631139484e-27,"Down in Tumor","Validated",0.148825734516677,0.0876917936252748,0.209959675408079,1,0,32,0.00333180602017389,33,0,0,0.00047959536781082,39,493.901905515928,0.169683943221772,-10.8705002978451,0.148825734516677,1,0,0.17948717948718,0.0256410256410257,0.41025641025641,0.269257715680451,38
32,"PRX",-0.487710080732694,0.487710080732694,1.07962386520385e-05,1.34952983150481e-05,"Down in Tumor","Weakly validated",0.2782993175483,0.216638151628649,0.339960483467952,0.0113421550094518,1,30,0.0046031734116183,32,0,0,0.00190841320998091,34,603.235493047319,0.110828614840702,-4.4005790511205,0.2782993175483,0.0113421550094518,1,0.205128205128205,0.153846153846154,0.230769230769231,0.266147947510288,39
37,"SEMA3G",-0.220875360415058,0.220875360415058,0.0315078840074863,0.0340625773053906,"Down in Tumor","Weakly validated",0.401797443209125,0.326557814576591,0.477037071841659,0.0113421550094518,1,27,0.00132230258680287,36,0,0,0.00144466657065478,35,417.483099854445,0.102704123825472,-2.1505987509362,0.401797443209125,0.0113421550094518,1,0.102564102564103,0.128205128205128,0.0769230769230769,0.255996837899853,40
