"V1","baseMean","log2FoldChange","lfcSE","stat","pvalue","padj","gene_name"
"ENSG00000147689.16",6257.30195407139,6.79169955503033,0.236915323148497,28.6672025463433,9.78541207618701e-181,4.29677444265371e-176,"FAM83A"
"ENSG00000183010.17",3613.05367444914,3.68778284552719,0.132849503972237,27.7591013534975,1.35307267606754e-169,2.97067106030629e-165,"PYCR1"
"ENSG00000165312.6",1098.83383385985,-2.12045819009293,0.081311395854407,-26.0782411593295,6.43708153503191e-150,9.4217416734417e-146,"OTUD1"
"ENSG00000272620.2",2784.3455779061,6.30580706970009,0.257252758201067,24.5121067458935,1.09738245164561e-132,1.20465158629396e-128,"AFAP1-AS1"
"ENSG00000116016.14",26990.0058314036,-2.72397932995301,0.11139973827058,-24.4522955999835,4.7572569148991e-132,4.17782302266439e-128,"EPAS1"
"ENSG00000135604.10",805.366065920256,-3.06733198108962,0.125843688044135,-24.3741424680263,3.21634709036397e-131,2.35383001229803e-127,"STX11"
"ENSG00000235387.5",65.1126212449218,-2.72042985490703,0.111686331068588,-24.3577690204219,4.79642432001237e-131,3.00872845559633e-127,"SPAAR"
"ENSG00000261371.6",11808.3655007963,-2.32194072429338,0.095589777645239,-24.2906802536016,2.45939825977151e-130,1.34990221983209e-126,"PECAM1"
"ENSG00000175832.13",1973.14047290279,3.84679264258589,0.159454496886765,24.1247046504913,1.37639260056409e-128,6.71526656564101e-125,"ETV4"
"ENSG00000162062.15",266.941345941806,3.51277904836723,0.146224527939149,24.0231861088932,1.59207034939222e-127,6.99078090418126e-124,"TEDC2"
"ENSG00000183856.11",1342.55466045067,3.60524212249925,0.150926922209124,23.8873361341314,4.1471577036896e-126,1.65546995244555e-122,"IQGAP3"
"ENSG00000131747.15",5264.42818108063,3.84859133357327,0.16136460776721,23.8502815879265,1.00585006509339e-125,3.68057302985422e-122,"TOP2A"
"ENSG00000170989.10",1756.30313228874,-2.85786461175457,0.120588626085019,-23.6992882706839,3.66713352513464e-124,1.23864486991279e-120,"S1PR1"
"ENSG00000204949.9",209.595214859247,6.61995562163355,0.279578405534708,23.6783510120267,6.02712412104685e-124,1.89036442967977e-120,"FAM83A-AS1"
"ENSG00000179913.11",2090.66630471529,4.34654494058237,0.183957323740197,23.6280070410298,1.98694983494052e-123,5.81646448348256e-120,"B3GNT3"
"ENSG00000102760.13",3345.85332345736,-2.88225704486981,0.12250926802938,-23.5268489578977,2.16698806624198e-122,5.94702787429284e-119,"RGCC"
"ENSG00000139567.13",2206.41975167903,-2.56966346872342,0.109363383910986,-23.4965614342633,4.4226236795485e-122,1.14233768099397e-118,"ACVRL1"
"ENSG00000213853.10",14431.4513827775,-2.73403226434656,0.11744492417857,-23.2792713986479,7.19064744862305e-120,1.75411849705021e-116,"EMP2"
"ENSG00000010319.7",706.070423949245,-3.22936633093402,0.138982528382027,-23.2357719242042,1.98129283869688e-119,4.57887202879894e-116,"SEMA3G"
"ENSG00000182010.11",2068.93189877137,-4.06768470125319,0.176100124782983,-23.0987042528562,4.77091676749479e-118,1.04745477630348e-114,"RTKN2"
"ENSG00000286042.1",1283.2932846971,7.8340297806561,0.340291804176394,23.0215059090734,2.83910975900171e-117,5.93644331036976e-114,"LCAL1"
"ENSG00000120156.22",941.959510289976,-3.25504862552452,0.141579259073777,-22.9909991535435,5.73540126578395e-117,1.14473395263897e-113,"TEK"
"ENSG00000186193.9",446.473026079696,3.79878941635378,0.165554757747639,22.9458184593185,1.62216385488868e-116,3.09692238557226e-113,"SAPCD2"
"ENSG00000070778.13",1153.60115831281,-2.44960605480788,0.107146405698904,-22.8622326510102,1.10435668810242e-115,2.02051259060739e-112,"PTPN21"
"ENSG00000122679.8",1094.85507128462,-3.23362026950206,0.142225813354758,-22.7358184370958,1.98242805521371e-114,3.48193663617737e-111,"RAMP3"
"ENSG00000090889.12",839.020697364044,3.81127980238813,0.167820826104273,22.7104102086832,3.53527234876641e-114,5.97053110901281e-111,"KIF4A"
"ENSG00000077152.11",826.416831459081,3.3099485856487,0.147043862189029,22.5099404788053,3.31715653896902e-112,5.39467939356036e-109,"UBE2T"
"ENSG00000132622.11",424.634229339175,-2.79712893953787,0.124340852168946,-22.4956552150481,4.57770917602802e-112,7.17882892569252e-109,"HSPA12B"
"ENSG00000157654.19",6105.86885340633,-2.51266689817546,0.111893372652178,-22.4559045689516,1.12053028067574e-111,1.69663740084385e-108,"PALM2AKAP2"
"ENSG00000254726.3",1302.82024921684,4.16535115564742,0.185844217483034,22.4131329565187,2.9307594506779e-111,4.28965491597555e-108,"MEX3A"
"ENSG00000168309.18",1698.05849071651,-4.5571136627906,0.203573745376484,-22.385566735842,5.44094534107766e-111,7.70683580408774e-108,"FAM107A"
"ENSG00000143320.9",7890.96644432343,5.56434313718907,0.249825979044536,22.2728763376411,6.77123389542063e-110,9.29140251087249e-107,"CRABP2"
"ENSG00000128165.9",742.546244868252,3.45477839608745,0.155786291843129,22.1763953375711,5.80475323941068e-109,7.72383984068252e-106,"ADM2"
"ENSG00000137648.19",5364.69617372533,4.81637649058648,0.217584373516817,22.1356727633486,1.43357787729967e-108,1.8514236644773e-105,"TMPRSS4"
"ENSG00000117650.13",677.009333918192,3.73141762928185,0.168850529867128,22.0989394123796,3.23578067052493e-108,4.05951797836428e-105,"NEK2"
"ENSG00000131477.11",908.480362879284,-2.87152593675994,0.130018155890243,-22.0855765650452,4.34961833318676e-108,5.30532613917307e-105,"RAMP2"
"ENSG00000118193.12",438.760025349104,3.75065006901283,0.169853591574886,22.0816647692682,4.7429112377096e-108,5.62868195804942e-105,"KIF14"
"ENSG00000169744.13",979.915039237993,-2.58988584250434,0.11735278031357,-22.069232919613,6.24418517305389e-108,7.21532028812622e-105,"LDB2"
"ENSG00000123485.12",686.022272830897,3.84565786205978,0.17427455710733,22.0666626608689,6.60936108856268e-108,7.44146270253301e-105,"HJURP"
"ENSG00000144452.15",587.946105419655,5.39746760244066,0.244776974664929,22.0505527933302,9.43640979194301e-108,1.03588188491054e-104,"ABCA12"
"ENSG00000164855.16",1878.97168385087,3.1233566158206,0.141870584745609,22.0155335330517,2.04450209488437e-107,2.18961187771641e-104,"TMEM184A"
"ENSG00000151718.16",1994.56360961994,-2.36035254317592,0.107473993423897,-21.9620809460969,6.63881752857178e-107,6.94072565903778e-104,"WWC2"
"ENSG00000158402.20",195.601458080835,3.68206507642494,0.167789831189996,21.9445067100376,9.77221810927717e-107,9.97902551577582e-104,"CDC25C"
"ENSG00000276043.5",681.146908847943,3.34668035865284,0.152647410309212,21.9242524447261,1.52522619988061e-106,1.52210641901721e-103,"UHRF1"
"ENSG00000066279.18",984.59299920189,3.73312871215138,0.171081926296383,21.8207077332301,1.47558085717258e-105,1.43983900974329e-102,"ASPM"
"ENSG00000123500.10",2765.54875267295,4.62621702123465,0.212518624751465,21.7685251193626,4.61234350702825e-105,4.40278268246979e-102,"COL10A1"
"ENSG00000080031.10",729.906671314409,5.19079592166472,0.239935184218402,21.6341589857859,8.56977962482738e-104,8.00636219842916e-101,"PTPRH"
"ENSG00000099953.10",6271.14199956951,5.51760045190878,0.25509548001433,21.6295500476873,9.47023817602294e-104,8.66329496477432e-101,"MMP11"
"ENSG00000136160.17",1512.26964993833,-3.50209569055048,0.162061628170214,-21.6096538711323,1.45736902137969e-103,1.30598109650576e-100,"EDNRB"
"ENSG00000011426.11",2010.28034704674,3.76728695230741,0.174425762656586,21.5982254853289,1.86648630113511e-103,1.63914826965685e-100,"ANLN"
"ENSG00000126787.13",726.64766988645,3.67241109740376,0.170086733762579,21.5914023167145,2.16347853448009e-103,1.86271259703962e-100,"DLGAP5"
"ENSG00000135052.16",13074.1463453725,2.63234529963219,0.121923114487543,21.5902071620811,2.22015459113794e-103,1.87474977109359e-100,"GOLM1"
"ENSG00000117724.13",2336.17130411511,3.4862337451466,0.161554132490075,21.5793535665872,2.8076560907405e-103,2.32611658385689e-100,"CENPF"
"ENSG00000154133.15",1264.11013919322,-2.85578323510177,0.132579823043514,-21.5401044408128,6.55588587390358e-103,5.3309064578353e-100,"ROBO4"
"ENSG00000117399.14",1513.02828183805,3.75898120807849,0.174569078318151,21.532915475602,7.65623886394975e-103,6.11246270029152e-100,"CDC20"
"ENSG00000105227.16",1111.91400510637,-3.35892395319374,0.156004735494935,-21.5309102158812,7.99479466444612e-103,6.26877560206838e-100,"PRX"
"ENSG00000072163.20",1194.57241892318,-2.81889069560271,0.131101708711357,-21.5015557257838,1.50555572361049e-102,1.13980951420236e-99,"LIMS2"
"ENSG00000164932.13",3128.39134769819,3.78908851295874,0.176217889988666,21.5022919250846,1.48186034471745e-102,1.13980951420236e-99,"CTHRC1"
"ENSG00000179776.19",3096.61662557979,-2.5597618765478,0.119408651574783,-21.436988382242,6.03979740122072e-102,4.49504243877291e-99,"CDH5"
"ENSG00000186871.7",206.019971439607,3.29275184077704,0.153610770016983,21.4356834511864,6.21150999392027e-102,4.54579006388398e-99,"ERCC6L"
"ENSG00000227066.2",484.708553318777,6.06885463178261,0.283364312561759,21.4171452181718,9.24861082437346e-102,6.65748362783998e-99,"Z98257.1"
"ENSG00000175063.17",1678.80749930533,4.17534841346962,0.195000339204491,21.4120058995952,1.03270703949785e-101,7.31389775876626e-99,"UBE2C"
"ENSG00000143228.13",558.960884867996,3.70112667117685,0.172988378740319,21.3952330100324,1.47988496229804e-101,1.03145632848424e-98,"NUF2"
"ENSG00000154721.15",708.934717436096,-2.51298153104638,0.117554188140198,-21.3772182072266,2.17726979718088e-101,1.49381119990957e-98,"JAM2"
"ENSG00000142945.13",926.63257772929,3.56548695325415,0.166955920208736,21.3558581738007,3.43995035136695e-101,2.32381876813112e-98,"KIF2C"
"ENSG00000094804.12",949.969876720984,3.41259824415333,0.160336582611237,21.2839651973109,1.59836508692206e-100,1.06339713585982e-97,"CDC6"
"ENSG00000156970.13",525.052196555917,3.41884154071303,0.160720299662185,21.2719958082398,2.06313316297769e-100,1.35212204755747e-97,"BUB1B"
"ENSG00000166923.12",2730.16551283449,5.04114994748336,0.237034913054838,21.267541909816,2.26861078457766e-100,1.46492205221772e-97,"GREM1"
"ENSG00000262772.2",104.342724325995,4.78809497529595,0.225420054412075,21.2407675429941,4.01279657181495e-100,2.55365068794774e-97,"LINC01977"
"ENSG00000196584.3",297.217645294075,3.23167042218829,0.152272777541491,21.2229032290932,5.8686127104329e-100,3.68129691593012e-97,"XRCC2"
"ENSG00000112984.12",850.033437953143,3.14766965983544,0.148398699594592,21.2108978611977,7.57534064786785e-100,4.68497475842081e-97,"KIF20A"
"ENSG00000129173.13",329.763631916999,3.15764727672424,0.149206531437322,21.1629293054821,2.09776598404464e-99,1.27934589388056e-96,"E2F8"
"ENSG00000186185.14",560.393920193411,3.76147785294093,0.177917009090276,21.1417552047108,3.28626411127665e-99,1.9767103715912e-96,"KIF18B"
"ENSG00000165304.8",685.714936463742,3.61035236062965,0.170829651912785,21.1342253537627,3.85461816909632e-99,2.28724707844621e-96,"MELK"
"ENSG00000019186.10",4174.65783914542,6.69224178660055,0.317079405323239,21.105886015455,7.02261902098139e-99,4.06128353509251e-96,"CYP24A1"
"ENSG00000174371.17",418.654391402061,3.58930982276773,0.170062393527742,21.1058409111607,7.02932244743864e-99,4.06128353509251e-96,"EXO1"
"ENSG00000060718.22",3163.78847129413,6.25794650402756,0.297070104627292,21.0655545830802,1.64686365852558e-98,9.39140042154003e-96,"COL11A1"
"ENSG00000076382.17",1131.92817162975,3.0763172156021,0.146128527505203,21.052133133228,2.18616172961768e-98,1.23069694291683e-95,"SPAG5"
"ENSG00000162849.16",2082.61757589964,3.14157632340652,0.149321954295667,21.0389445960907,2.88732685531587e-98,1.60484205337873e-95,"KIF26B"
"ENSG00000135451.13",538.902233403349,3.79309243825183,0.180328239891538,21.0343784231092,3.1791193794572e-98,1.74493914939957e-95,"TROAP"
"ENSG00000137135.18",258.734565948089,2.73241130327211,0.130325523151015,20.9660489918458,1.33935875788002e-97,7.26064729117427e-95,"ARHGEF39"
"ENSG00000095370.20",1108.70538104852,-2.30071805753218,0.109818607455134,-20.950166013279,1.86978334318593e-97,1.00124617804017e-94,"SH2D3C"
"ENSG00000035499.13",331.532204828612,3.62043680244606,0.172988755734392,20.9287406402582,2.93139012052419e-97,1.55081132761707e-94,"DEPDC1B"
"ENSG00000228401.5",30.645600607256,-3.63746602207054,0.173814080980075,-20.9273380013873,3.0189163883742e-97,1.5781026025418e-94,"AL590226.1"
"ENSG00000091651.9",338.951026729842,3.05000658869507,0.145853026493189,20.9115070288755,4.20732097825101e-97,2.17345251947061e-94,"ORC6"
"ENSG00000166851.15",895.071990837019,3.18451736814943,0.152450653535342,20.8888403840865,6.7641900049036e-97,3.45366957110834e-94,"PLK1"
"ENSG00000024526.17",425.933285337636,3.77525764283186,0.181000649527486,20.8577021833204,1.29757682425046e-96,6.54903429342964e-94,"DEPDC1"
"ENSG00000088325.16",2464.53853704937,3.62866396872956,0.174015864590663,20.8524893823057,1.4469542429866e-96,7.21997281926611e-94,"TPX2"
"ENSG00000187583.11",323.716772920446,3.1236189422974,0.149808594835692,20.8507325345608,1.5010694225443e-96,7.40583801617081e-94,"PLEKHN1"
"ENSG00000164093.17",328.284921869078,8.216440317457,0.394323508285688,20.8368006086621,2.00819632694432e-96,9.79776674623611e-94,"PITX2"
"ENSG00000186994.11",270.260444893311,-2.86289558782525,0.137485905372525,-20.8231933307496,2.6679937995802e-96,1.2873803048304e-93,"KANK3"
"ENSG00000230316.7",330.121128256892,6.16332435871024,0.296207562135788,20.8074510801478,3.70528305188544e-96,1.76846716095967e-93,"FEZF1-AS1"
"ENSG00000166265.13",769.930218941988,-2.2826163988747,0.109945671618864,-20.761312066814,9.68850606047903e-96,4.5744333453294e-93,"CYYR1"
"ENSG00000089685.15",1773.32213247458,3.66793124290853,0.176762577279038,20.7506096560151,1.21046820569861e-95,5.654431799173e-93,"BIRC5"
"ENSG00000134256.12",243.43332332697,-2.75557569957837,0.133244744259052,-20.6805582831922,5.18374791155879e-95,2.39598285048997e-92,"CD101"
"ENSG00000203995.10",142.167402860372,5.43598457646439,0.26338319743394,20.6390712445801,1.22391724589545e-94,5.59814648617388e-92,"ZYG11A"
"ENSG00000107742.13",6229.72874149105,-3.21572868391465,0.156360423229534,-20.5661293151787,5.51997828177908e-94,2.49878604487546e-91,"SPOCK2"
"ENSG00000103241.7",590.042948848257,-2.75003608262645,0.133782539193791,-20.5560164966139,6.79912460124443e-94,3.04642409429227e-91,"FOXF1"
"ENSG00000173227.14",1328.62163226169,5.69776238422125,0.277358232653856,20.5429719165109,8.89496342239227e-94,3.94523074623479e-91,"SYT12"
"ENSG00000064989.13",2447.28991862407,-2.73692515515034,0.133270276838268,-20.5366509328392,1.0131235980476e-93,4.448625719027e-91,"CALCRL"
"ENSG00000162367.11",187.215292868143,-2.7920912312145,0.136355071568315,-20.4766218014534,3.47970438605022e-93,1.512810094965e-90,"TAL1"
"ENSG00000142748.13",1481.20101969338,-4.53041061189712,0.222180349313197,-20.3906899323073,2.02273387587633e-92,8.70767102840487e-90,"FCN3"
"ENSG00000059573.9",4904.4118774384,1.61513926242454,0.0792606586959095,20.3775654782426,2.64486848542799e-92,1.12753568150624e-89,"ALDH18A1"
"ENSG00000251003.9",168.884709869499,5.39916427867741,0.265842447113955,20.3096395526446,1.0567701963481e-91,4.46180570400432e-89,"ZFPM2-AS1"
"ENSG00000118322.14",731.077147638389,5.50860290617761,0.271322813683568,20.3027634550556,1.2155318199968e-91,5.08323830629139e-89,"ATP10B"
"ENSG00000138180.16",1012.02178498693,3.24283022599595,0.159758111339116,20.2983760812774,1.32904809085638e-91,5.50551902542488e-89,"CEP55"
"ENSG00000101003.10",675.015401004316,3.0304709091098,0.149369463176507,20.2884233809473,1.62730484646174e-91,6.63807762571182e-89,"GINS1"
"ENSG00000111344.11",485.496277467337,4.01792030007726,0.198041630532466,20.2882610553874,1.6326859111293e-91,6.63807762571182e-89,"RASAL1"
"ENSG00000154783.12",1220.23589585057,-2.25307751195115,0.111119043127691,-20.2762501235909,2.08428233035672e-91,8.39640707577648e-89,"FGD5"
"ENSG00000106462.11",914.29701514089,2.5414517103761,0.125457549135754,20.2574634040242,3.05290883498842e-91,1.21866569949401e-88,"EZH2"
"ENSG00000134690.11",846.054624567523,3.03301845591135,0.149897405008292,20.2339623941026,4.91870235013951e-91,1.94576774950113e-88,"CDCA8"
"ENSG00000061656.10",689.575645456888,2.89107506240699,0.142888063600188,20.2331460694747,5.00082072886568e-91,1.96058962682582e-88,"SPAG4"
"ENSG00000123473.16",577.822998645641,2.56019441191273,0.126547848424414,20.2310386449749,5.21919571004526e-91,2.02809631529281e-88,"STIL"
"ENSG00000189129.14",283.542297465979,-2.71876736509484,0.134404812614912,-20.2281995130968,5.52850555358748e-91,2.12944455138619e-88,"PLAC9"
"ENSG00000171115.4",1086.50670343481,-2.45541864556229,0.121531795359854,-20.2039197914573,9.04265694897456e-91,3.45272231851716e-88,"GIMAP8"
"ENSG00000166143.10",600.215143230267,5.99810600809821,0.296915535096315,20.2013882707502,9.51834679971633e-91,3.60302248254779e-88,"PPP1R14D"
"ENSG00000160957.14",889.61638343794,3.01728727105818,0.149516492583154,20.1802972965014,1.45866283382281e-90,5.4743491481333e-88,"RECQL4"
"ENSG00000205213.14",3182.29022862673,2.72356994549093,0.135045727572677,20.1677609091721,1.87957932216192e-90,6.99426508780764e-88,"LGR4"
"ENSG00000171132.14",1039.84681594598,-1.86710727809628,0.0927727030839068,-20.1256104008052,4.40316247196081e-90,1.62472995078823e-87,"PRKCE"
"ENSG00000137834.15",855.158855154132,-2.56449210281452,0.127453098777241,-20.121065140179,4.82597896885606e-90,1.76590613768725e-87,"SMAD6"
"ENSG00000263155.6",128.609271620337,-3.29990512173667,0.164073789659473,-20.1123234161012,5.75633293779068e-90,2.0889304074247e-87,"MYZAP"
"ENSG00000172927.8",909.693070652662,6.28852163345695,0.313526455431758,20.0573875808885,1.73987912294257e-89,6.2621387121646e-87,"MYEOV"
"ENSG00000183317.17",520.81744692524,3.62287309924268,0.180941333094017,20.0223632560518,3.51640050349668e-89,1.25532639112633e-86,"EPHA10"
"ENSG00000227036.8",1129.39578630394,3.16827061516802,0.158265132391494,20.0187531346501,3.7806424661615e-89,1.33877427975122e-86,"LINC00511"
"ENSG00000171877.21",333.381720816798,3.55900167588905,0.178048621984181,19.9889313167796,6.87525232275876e-89,2.4151386359387e-86,"FRMD5"
"ENSG00000065328.17",405.313595166872,3.53032557589024,0.176669635700388,19.9826391326083,7.79900266265161e-89,2.71789053108756e-86,"MCM10"
"ENSG00000118785.14",24431.2379527185,4.80321516076103,0.240463601502759,19.9748117001646,9.12271844408779e-89,3.15416194393618e-86,"SPP1"
"ENSG00000165480.16",309.935295765184,3.19697794103031,0.160241135648646,19.9510439569037,1.46791228603802e-88,5.03562722499447e-86,"SKA3"
"ENSG00000168497.5",3131.19925261162,-3.31533637563822,0.166186955172366,-19.9494381024047,1.51582289355772e-88,5.15967312062942e-86,"CAVIN2"
"ENSG00000111665.12",468.293036471712,3.26747960132806,0.163839702338708,19.9431490333958,1.71895372613476e-88,5.8060967780444e-86,"CDCA3"
"ENSG00000142273.13",868.432206003181,3.19817973320784,0.160392197435071,19.9397463489614,1.83995303495955e-88,6.16735402786825e-86,"CBLC"
"ENSG00000177788.6",730.377614762931,2.17125281656031,0.109032123279982,19.9138818106365,3.08462289992213e-88,1.02610448133016e-85,"AL162595.1"
"ENSG00000176920.13",1013.40676702441,3.17181398233889,0.159322092661819,19.908186801635,3.45598506872638e-88,1.14099476968252e-85,"FUT2"
"ENSG00000170373.8",735.440424023654,6.83427445325037,0.343400922651963,19.9017358499555,3.93077240068549e-88,1.28806131428433e-85,"CST1"
"ENSG00000087128.10",591.635676233285,6.71611568553883,0.338167263037254,19.8603366429321,8.97072971168322e-88,2.91781290103711e-85,"TMPRSS11E"
"ENSG00000108576.10",1086.23493728273,-6.16024948129508,0.310372964831382,-19.847893274602,1.14919028573653e-87,3.71036363578611e-85,"SLC6A4"
"ENSG00000171848.16",2381.83678540047,3.19684110620559,0.161130342630413,19.8400937651963,1.34208191892702e-87,4.30151949343689e-85,"RRM2"
"ENSG00000130052.13",693.586021492221,-2.21639162332444,0.111745985821891,-19.8341945531457,1.50914231860683e-87,4.8019158847845e-85,"STARD8"
"ENSG00000165474.8",1644.80444575273,4.55971359512939,0.229964251154867,19.8279235673839,1.7095264628812e-87,5.40038179749019e-85,"GJB2"
"ENSG00000101280.8",53.6056337087637,-4.23178683081093,0.213441717128449,-19.8264279717364,1.76111107113648e-87,5.52359908097162e-85,"ANGPT4"
"ENSG00000243479.3",71.0765898824741,5.24330720398941,0.264469357733993,19.8257645003366,1.7844892583591e-87,5.55722860528711e-85,"MNX1-AS1"
"ENSG00000134057.15",1804.92861266646,2.97289067036758,0.150014716465938,19.8173268623455,2.110242377408e-87,6.52540442197079e-85,"CCNB1"
"ENSG00000198873.12",1442.62186026837,-2.49663429740158,0.126041864478472,-19.807976561851,2.54092101643437e-87,7.80222670151282e-85,"GRK5"
"ENSG00000173898.14",2973.65365168369,2.50064385361649,0.126299339442929,19.7993422977992,3.01605728207281e-87,9.1968802260984e-85,"SPTBN2"
"ENSG00000075218.19",471.290772555777,3.08921616894712,0.156434539258975,19.7476604820177,8.40209760230027e-87,2.54438693597934e-84,"GTSE1"
"ENSG00000115163.15",280.747402374947,3.6166299023667,0.183257357697361,19.735250730502,1.07412704807152e-86,3.23047388224798e-84,"CENPA"
"ENSG00000022267.19",3064.93084779043,-3.42265765042492,0.173768555306483,-19.6966456007431,2.30387650251325e-86,6.88185151192903e-84,"FHL1"
"ENSG00000029993.15",12653.1357709491,3.48869782043485,0.17719302994892,19.6886853926509,2.69595639503152e-86,7.99861116931311e-84,"HMGB3"
"ENSG00000197256.11",4624.07063815575,-1.64984419995764,0.083857399146794,-19.6744022202449,3.57365870006044e-86,1.05315002362184e-83,"KANK2"
"ENSG00000120279.6",503.696628449521,-2.26272571727326,0.115068835573109,-19.6641054548226,4.37821205011643e-86,1.28164860747075e-83,"MYCT1"
"ENSG00000249751.4",45.1149868737121,-2.25214737205536,0.114593823537792,-19.6533050606573,5.41681923835911e-86,1.57518233613476e-83,"ECSCR"
"ENSG00000258947.7",59.6001475690312,4.50891965408895,0.229432702364415,19.652471542297,5.50651548748341e-86,1.59073088852235e-83,"TUBB3"
"ENSG00000169607.13",415.308180052645,3.15872763288466,0.160732675164962,19.6520566191212,5.5517167837319e-86,1.59330643120044e-83,"CKAP2L"
"ENSG00000088340.17",858.362816540477,4.16400462025912,0.212084179108222,19.6337352355468,7.96391084258978e-86,2.27074886427349e-83,"FER1L4"
"ENSG00000137507.11",2020.99295047135,-2.37882014357626,0.121181507208924,-19.6302241023875,8.53374767460251e-86,2.41752813155998e-83,"LRRC32"
"ENSG00000101331.17",106.878898635871,-2.53340059573795,0.129085276750504,-19.6257904813925,9.3117448190595e-86,2.62101740387758e-83,"CCM2L"
"ENSG00000243364.8",746.029903745826,2.19381013444483,0.111921429313574,19.6013412971912,1.50601520571669e-85,4.21204634923693e-83,"EFNA4"
"ENSG00000198844.12",626.882500753601,-2.46230787025116,0.125667420788232,-19.5938442502175,1.74503023544702e-85,4.84963782522016e-83,"ARHGEF15"
"ENSG00000133121.21",830.881328671665,-2.00925814983537,0.102549516491351,-19.5930533714884,1.77235306890112e-85,4.89459265757537e-83,"STARD13"
"ENSG00000157456.8",882.061899565337,3.03865411106276,0.155095368324314,19.5921654134039,1.80353852977444e-85,4.94958605264973e-83,"CCNB2"
"ENSG00000150048.10",185.27356077449,-2.29053439252526,0.117005849562284,-19.5762382914538,2.46570959313256e-85,6.7248017536926e-83,"CLEC1A"
"ENSG00000094963.14",2488.50574968904,-3.26764711004018,0.166933251701452,-19.5745729310067,2.54763219161423e-85,6.90534132924572e-83,"FMO2"
"ENSG00000085552.17",1218.74197352441,3.2303047772018,0.165355394411535,19.5355270307194,5.47775483662967e-85,1.47563322010067e-82,"IGSF9"
"ENSG00000238018.2",114.304704255053,-3.26323898379562,0.167108963191244,-19.527611933425,6.39612755378541e-85,1.71252415174828e-82,"AC093110.1"
"ENSG00000140297.13",2291.57905224594,5.15134057003159,0.263900094617951,19.5200406331388,7.41792433243071e-85,1.97406701476989e-82,"GCNT3"
"ENSG00000164466.13",2121.35335644598,1.5106657546879,0.0773982042527377,19.5180982462454,7.7053266293675e-85,2.03819814635859e-82,"SFXN1"
"ENSG00000101311.16",1356.1390477607,3.21869354507494,0.164929520030387,19.5155697080906,8.0961594268463e-85,2.12875664929833e-82,"FERMT1"
"ENSG00000248243.1",40.3138327956504,3.95052760379051,0.202525127206284,19.5063578445092,9.69482104764441e-85,2.53392614405992e-82,"LINC02014"
"ENSG00000166123.14",3153.80814043454,3.40430525856391,0.174533555790873,19.5051618763956,9.92424836857405e-85,2.57854287493542e-82,"GPT2"
"ENSG00000176435.7",1501.28099299756,-2.30377967300647,0.118255227761286,-19.4814192710106,1.57842760712913e-84,4.07698566053178e-82,"CLEC14A"
"ENSG00000129810.15",141.363778795621,3.21181619737398,0.164869297608171,19.4809842946453,1.5918951749192e-84,4.08772614799428e-82,"SGO1"
"ENSG00000109674.4",215.472511315137,4.27343806448611,0.219863206671614,19.4368040436564,3.76927499002402e-84,9.62260841929969e-82,"NEIL3"
"ENSG00000178999.13",610.827041477092,3.43148339515632,0.176576385274937,19.4334219143367,4.02605846995193e-84,1.02187414691092e-81,"AURKB"
"ENSG00000144120.13",501.703552533441,1.57178847932871,0.0810819248272077,19.3851895188518,1.02925172814222e-83,2.59738180360488e-81,"TMEM177"
"ENSG00000130307.12",137.617274898872,-2.3130323303123,0.119382033555166,-19.3750454857468,1.25350708170828e-83,3.14522834044632e-81,"USHBP1"
"ENSG00000101210.13",2786.53001791919,6.35377340994955,0.328003200525617,19.3710713790834,1.35410395212586e-83,3.37833548510492e-81,"EEF1A2"
"ENSG00000008300.17",764.676721471342,3.39850467049287,0.175472930844161,19.3676862530501,1.44611634663953e-83,3.58751236050518e-81,"CELSR3"
"ENSG00000051341.14",287.527101209535,3.31251444748326,0.171130805378326,19.3566227901525,1.79259169596441e-83,4.4220618747077e-81,"POLQ"
"ENSG00000106089.12",664.646316315647,3.09462238889886,0.159900082884739,19.3534758273363,1.90547972809514e-83,4.67428015981327e-81,"STX1A"
"ENSG00000093009.11",458.996326058248,3.19264213802941,0.1651127544862,19.3361327413156,2.66745331618903e-83,6.50710417299225e-81,"CDC45"
"ENSG00000135069.14",1228.46843768283,3.48520913097602,0.180271575849136,19.3331040379471,2.82876111288694e-83,6.84478516555335e-81,"PSAT1"
"ENSG00000163815.6",441.869312963976,-3.77771154946595,0.195402717261907,-19.332953002913,2.83705511302826e-83,6.84478516555335e-81,"CLEC3B"
"ENSG00000112742.10",459.656263776229,3.28687413186776,0.170054986019945,19.3283020321571,3.10468448689522e-83,7.44954621964859e-81,"TTK"
"ENSG00000114790.13",1125.31766516979,-2.67662055995088,0.138580330174561,-19.3145777368209,4.05030344055592e-83,9.66569696058752e-81,"ARHGEF26"
"ENSG00000128050.9",5740.1336452551,1.85024804792455,0.095911353277301,19.2912307532047,6.36401514768001e-83,1.51050759532232e-80,"PAICS"
"ENSG00000138160.7",1155.77880461745,2.68323299662055,0.139105307711166,19.2892208124217,6.61629366838607e-83,1.56194330633781e-80,"KIF11"
"ENSG00000096063.16",2005.2764366502,1.60080953883306,0.0830427770305634,19.2769268571533,8.39162982094895e-83,1.97046238202069e-80,"SRPK1"
"ENSG00000215595.2",19.5524653062725,-2.56822364069233,0.133273595566362,-19.2703110453227,9.53612128731281e-83,2.22729300918035e-80,"C20orf202"
"ENSG00000111206.13",1274.53444810824,3.33558314288444,0.173191856333183,19.2594687389199,1.1757866156714e-82,2.7316820261445e-80,"FOXM1"
"ENSG00000157554.19",993.785711353777,-2.14488592564473,0.111374079995121,-19.2583941051517,1.20044123391149e-82,2.77428287268702e-80,"ERG"
"ENSG00000085999.13",192.283588724071,3.12207438234613,0.162285392689305,19.2381725219307,1.77351759559711e-82,4.07723338338583e-80,"RAD54L"
"ENSG00000224215.1",14.8175150537905,-5.28319138638614,0.274726152532613,-19.2307551999767,2.04626605813741e-82,4.67976784441738e-80,"AL606469.1"
"ENSG00000148773.14",3346.88252830407,3.09951804272555,0.161205589535894,19.2271127300794,2.19514021964226e-82,4.99422834427417e-80,"MKI67"
"ENSG00000080986.13",523.184228602683,3.12279707980919,0.162833293424012,19.1778782713529,5.66451138380825e-82,1.28210667455165e-79,"NDC80"
"ENSG00000143590.14",182.713546115962,3.02118761655164,0.157603850339496,19.1695038544024,6.65403570848219e-82,1.49835234851001e-79,"EFNA3"
"ENSG00000173269.14",1378.28947999197,-2.14312851295522,0.112021110553505,-19.1314699735243,1.38123932343949e-81,3.09439891286877e-79,"MMRN2"
"ENSG00000144655.15",3187.20593873836,-2.39545118960328,0.125306610799917,-19.1167183783162,1.83282639363597e-81,4.08524908347997e-79,"CSRNP1"
"ENSG00000128059.8",870.30889823882,1.92721728014933,0.100850062702059,19.1097281301936,2.09557751469273e-81,4.64731356919988e-79,"PPAT"
"ENSG00000144481.17",334.254400866047,6.6516913084868,0.348600052181673,19.0811540814695,3.62172896697946e-81,7.99146326332e-79,"TRPM8"
"ENSG00000101057.16",2249.34029541971,3.79516573309353,0.198941538897261,19.0767888603368,3.93717323900492e-81,8.6440638462353e-79,"MYBL2"
"ENSG00000137825.11",621.698965553354,5.1687949977827,0.270985565436785,19.0740602343576,4.14811901119148e-81,9.06188585977203e-79,"ITPKA"
"ENSG00000170323.9",942.981794589126,-4.9137771005074,0.257771402581833,-19.0625377807278,5.17050088101595e-81,1.1239440281456e-78,"FABP4"
"ENSG00000185686.18",1069.40271478931,7.5278257621681,0.395164002264646,19.049877314297,6.58563529913354e-81,1.4245086009111e-78,"PRAME"
"ENSG00000169252.6",437.399825951401,-3.08771317128815,0.162094473341304,-19.0488491534607,6.71625223966453e-81,1.44564037178269e-78,"ADRB2"
"ENSG00000136114.17",270.022892541194,-2.23602163551232,0.117469178385285,-19.0349644583232,8.75518910346481e-81,1.87531879772263e-78,"THSD1"
"ENSG00000104967.8",262.627721563062,-2.42150480236756,0.127383694797303,-19.0095349818572,1.4220747018181e-80,3.03122816295305e-78,"NOVA2"
"ENSG00000122952.17",1360.24032198401,2.59495408183165,0.136524910858768,19.0071838575751,1.48725314528432e-80,3.15484471543163e-78,"ZWINT"
"ENSG00000120913.23",968.820100437478,-1.98774160838519,0.104705585529252,-18.9841028856084,2.30845213271122e-80,4.87327563208411e-78,"PDLIM2"
"ENSG00000171004.18",1959.36011329998,3.68488159482417,0.194374285623112,18.9576598726083,3.81755713205323e-80,8.02052314203146e-78,"HS6ST2"
"ENSG00000204305.14",13974.8567125758,-5.03641846574942,0.266026742314359,-18.9320006775784,6.21562815818902e-80,1.299658249648e-77,"AGER"
"ENSG00000091844.8",537.900980378916,3.77124770459193,0.199303710620343,18.9221148610516,7.49844485847499e-80,1.56045835893667e-77,"RGS17"
"ENSG00000072571.20",595.407165226202,3.01160880326746,0.159213486327247,18.9155383299465,8.49486277118256e-80,1.75947841642748e-77,"HMMR"
"ENSG00000175643.10",670.769240283104,2.26962582624843,0.120004885625941,18.9127785457246,8.9513620352695e-80,1.8453253848295e-77,"RMI2"
"ENSG00000049283.18",716.919164897914,3.06246440763488,0.162117141491849,18.8904416858895,1.36697250678195e-79,2.80484872770071e-77,"EPN3"
"ENSG00000166736.11",384.756647848145,5.96627073868509,0.31627926850829,18.86393239375,2.25785634106443e-79,4.61127776447159e-77,"HTR3A"
"ENSG00000109805.10",583.623850230403,3.20123245644443,0.169721954000619,18.8616285694705,2.35842454881404e-79,4.79437138603817e-77,"NCAPG"
"ENSG00000105974.13",12495.2259792918,-3.43460125808358,0.182162455042768,-18.8546056720481,2.69339585155119e-79,5.45009271159505e-77,"CAV1"
"ENSG00000121691.7",5588.22067342569,-1.91169292971764,0.101595469526304,-18.8167143538096,5.5097060888052e-79,1.10977612091484e-76,"CAT"
"ENSG00000121152.10",655.413840041567,2.95766148427466,0.157320650789703,18.8002113481484,7.52160827809528e-79,1.50809963237974e-76,"NCAPH"
"ENSG00000117394.24",7779.8881044711,3.4988856883615,0.186313572915824,18.7795533819873,1.11009868985907e-78,2.21565606689599e-76,"SLC2A1"
"ENSG00000136492.9",349.344467214563,2.70341427085857,0.144025121386263,18.7704356353795,1.31800269261697e-78,2.61871032727652e-76,"BRIP1"
"ENSG00000104760.17",1639.07102795967,7.34171285258231,0.391559740238457,18.7499175684182,1.93891320683439e-78,3.83503058162603e-76,"FGL1"
"ENSG00000255624.3",55.2300554757674,3.54054896876884,0.189123058769111,18.7208740796187,3.34614975038416e-78,6.58876392553222e-76,"C10orf88B"
"ENSG00000102683.8",42.3083902640744,-3.84034722957654,0.205162716988308,-18.7185434368926,3.49580301751777e-78,6.8527102901431e-76,"SGCG"
"ENSG00000161835.11",564.63023174093,-2.35206017388471,0.125728169528819,-18.7075035188958,4.30053740369061e-78,8.39273766204687e-76,"TAMALIN"
"ENSG00000133800.9",623.562994208137,-3.20833367040967,0.171644150821668,-18.6917739698745,5.7760109750854e-78,1.12223292883186e-75,"LYVE1"
"ENSG00000197465.14",37.5548926142226,-3.27469055403196,0.175331088797228,-18.67718142,7.59237201827218e-78,1.46863901023053e-75,"GYPE"
"ENSG00000135363.12",672.984783920375,-1.92357851285664,0.103095397992884,-18.6582383918767,1.08241096565691e-77,2.08459059219275e-75,"LMO2"
"ENSG00000130675.15",115.151377723706,4.31954893475483,0.231676828628885,18.6447171273834,1.39389686811119e-77,2.67275159295906e-75,"MNX1"
"ENSG00000230650.1",70.894413196345,4.16184473707174,0.223260282819415,18.6412230805874,1.48799428037194e-77,2.84077516744052e-75,"AC140479.2"
"ENSG00000070614.15",5498.88975112859,-1.60622147251963,0.0862875217117825,-18.614759592757,2.43952481550218e-77,4.63720929215154e-75,"NDST1"
"ENSG00000115507.10",262.835548428194,3.30704496973407,0.177827223779833,18.5969555135636,3.40081425931634e-77,6.43662733304227e-75,"OTX1"
"ENSG00000259153.2",233.631556687424,2.88397617387607,0.155104720912196,18.5937356188447,3.61127940213233e-77,6.8056342724305e-75,"AC004816.1"
"ENSG00000278259.4",1911.48739410228,1.64707011246724,0.088619262369278,18.5859153916658,4.17810187119575e-77,7.84019030616262e-75,"MYO19"
"ENSG00000127564.17",437.472836620112,2.96426613279984,0.159526557369452,18.5816467281671,4.52407592335415e-77,8.4532839912545e-75,"PKMYT1"
"ENSG00000169856.9",78.333618679215,6.68447241008629,0.360642534438503,18.5348975003561,1.07995326815179e-76,2.00935372900615e-74,"ONECUT1"
"ENSG00000263586.1",11.131470908618,-2.80819950996934,0.151517093682415,-18.533879192901,1.10058967241695e-76,2.03910938885352e-74,"HID1-AS1"
"ENSG00000263893.2",73.8503657823823,5.31103808336199,0.2865837336055,18.5322384370669,1.13467055572298e-76,2.09341950007547e-74,"AC080037.2"
"ENSG00000180198.16",2839.03361655212,1.73766622216239,0.0937671292156649,18.5317204088199,1.14564778838933e-76,2.10482821707847e-74,"RCC1"
"ENSG00000225938.1",12.7019494395297,-2.53867405941934,0.137044935874955,-18.5243916034645,1.31278656555734e-76,2.40185242056761e-74,"AL109741.1"
"ENSG00000110492.15",13523.2963182988,3.05114957396911,0.16476718162999,18.5179447981391,1.47979042103864e-76,2.69616586671396e-74,"MDK"
"ENSG00000167964.13",169.050562268118,3.64055865245021,0.196649845101323,18.512898652803,1.62515459962251e-76,2.94878258138117e-74,"RAB26"
"ENSG00000173457.11",4113.21764479497,2.06761486092919,0.11173383965082,18.5048224189798,1.88800113361981e-76,3.41161027889901e-74,"PPP1R14B"
"ENSG00000135476.12",657.984063066683,3.11662501724374,0.16852159502497,18.4939207155139,2.31122858453702e-76,4.1592642273369e-74,"ESPL1"
"ENSG00000171056.8",298.868246500065,-2.94666771946932,0.159354278262097,-18.4912997103397,2.42635317850027e-76,4.34861910481417e-74,"SOX7"
"ENSG00000166292.12",1120.34606512901,-4.35815718783548,0.235802222320306,-18.4822566341869,2.86925687097498e-76,5.12150687823217e-74,"TMEM100"
"ENSG00000268388.6",470.950600726515,-3.88803296172475,0.210815074638458,-18.4428602574679,5.95084059996117e-76,1.05790044835747e-73,"FENDRR"
"ENSG00000246430.7",70.2490893051181,-3.52230877935721,0.191001975841481,-18.4412164525486,6.13454687991189e-76,1.08616110281021e-73,"LINC00968"
"ENSG00000184661.14",264.945940376396,2.95976508802732,0.160728032625672,18.4147409737819,1.00066926813263e-75,1.76463403870296e-73,"CDCA2"
"ENSG00000138821.13",8152.65132866947,-2.50013670372276,0.135932573060338,-18.3924768540428,1.50924862191116e-75,2.65084427952476e-73,"SLC39A8"
"ENSG00000111961.18",1960.95438024701,-1.85034500949102,0.100722989369069,-18.3706323758024,2.25765994496593e-75,3.94955570452008e-73,"SASH1"
"ENSG00000145247.12",4966.52066957133,2.18373936842522,0.118930382801371,18.361492807707,2.67161046161126e-75,4.65517521306946e-73,"OCIAD2"
"ENSG00000146670.10",994.041892330003,2.95736063396362,0.161112402407712,18.3558843997603,2.96224722813038e-75,5.14119667143103e-73,"CDCA5"
"ENSG00000116014.10",80.4126833850475,6.2744651030547,0.341933520558542,18.3499561341792,3.30378998325248e-75,5.71139441592979e-73,"KISS1R"
"ENSG00000188833.10",221.540589705861,4.6741128302356,0.25500280291104,18.3296527601942,4.79959133992092e-75,8.2647080680756e-73,"ENTPD8"
"ENSG00000047648.23",283.581391430728,-2.3511719787948,0.128357102732035,-18.3174279315358,6.00862638136765e-75,1.03062025158536e-72,"ARHGAP6"
"ENSG00000164266.11",8905.63785097202,6.64368749457939,0.362856362924864,18.3094143396765,6.96144771914506e-75,1.18940532820101e-72,"SPINK1"
"ENSG00000149557.14",436.203416859072,-2.15567367259118,0.117764774655837,-18.3049106058331,7.56159849002786e-75,1.28693716936869e-72,"FEZ1"
"ENSG00000114812.13",1163.74789460534,-3.21773471483849,0.175846614308493,-18.2985309526262,8.50103372798997e-75,1.44123703087274e-72,"VIPR1"
"ENSG00000124602.10",675.021157369882,3.07343345248731,0.167971770170894,18.2973213258419,8.69186169848983e-75,1.46792171992573e-72,"UNC5CL"
"ENSG00000137745.12",1444.40417132328,6.13656271031012,0.335751327969076,18.2771062959886,1.25932710635847e-74,2.11866104368584e-72,"MMP13"
"ENSG00000158315.11",393.945057170368,2.68322536046513,0.14687354680644,18.2689491661917,1.46239684282012e-74,2.45091012855845e-72,"RHBDL2"
"ENSG00000164035.10",917.896295978422,-2.74883729059669,0.150528836768854,-18.2612006416929,1.6854386621082e-74,2.81397762939814e-72,"EMCN"
"ENSG00000141934.10",3801.98024617771,2.40884207272162,0.131995364110012,18.2494445086266,2.09023822075565e-74,3.47660455580988e-72,"PLPP2"
"ENSG00000145386.11",791.815517714662,2.94103128291961,0.161237769355915,18.2403372030507,2.46930331478654e-74,4.09158900197271e-72,"CCNA2"
"ENSG00000032444.17",3464.94877548647,-1.58003864647746,0.086703789838126,-18.2234092584344,3.36519923361356e-74,5.55510896045005e-72,"PNPLA6"
"ENSG00000127831.11",1143.50776766459,7.00797792710031,0.384694534119112,18.2169937588207,3.78380033349873e-74,6.22272182187001e-72,"VIL1"
"ENSG00000125810.10",5613.32720877634,-2.20887551328037,0.121585099588192,-18.1673208375189,9.36613649947827e-74,1.53457855855258e-71,"CD93"
"ENSG00000115306.16",21666.1658247665,-1.74632085718541,0.0962107160045468,-18.1510015693354,1.26080842605547e-73,2.05436536689909e-71,"SPTBN1"
"ENSG00000158125.10",1037.98874214537,4.07082458821142,0.224276775316938,18.1508967322127,1.2632171465788e-73,2.05436536689909e-71,"XDH"
"ENSG00000179066.8",60.8246561671737,5.64004303769129,0.310986471317336,18.1359755419588,1.65731844144981e-73,2.68534512044506e-71,"AC020907.1"
"ENSG00000131471.7",3597.22723837323,-2.66171364649212,0.146789754064834,-18.1328299338692,1.7549090724502e-73,2.8330168151209e-71,"AOC3"
"ENSG00000117758.14",3297.84537699208,-1.04391805136383,0.0575901722556396,-18.1266700632521,1.96291711067431e-73,3.15720477398202e-71,"STX12"
"ENSG00000182272.12",508.925900698872,4.7568794305927,0.262482215545648,18.1226732664691,2.11085169363966e-73,3.38275539663203e-71,"B4GALNT4"
"ENSG00000171509.16",99.8960544618314,-3.11110330647657,0.171694725031857,-18.1199702314636,2.21714946855584e-73,3.54018302415588e-71,"RXFP1"
"ENSG00000105538.10",671.371137233285,-2.32338384470637,0.128374337457646,-18.0985069969527,3.27423178385277e-73,5.20911295757156e-71,"RASIP1"
"ENSG00000079308.19",15227.2352208488,-2.17873121694402,0.120383425902789,-18.0982656092822,3.28861089867158e-73,5.21310124767758e-71,"TNS1"
"ENSG00000285108.1",126.205490247202,5.80059953524751,0.320596830405902,18.0931281444782,3.61002053029486e-73,5.70201444191537e-71,"AC103718.1"
"ENSG00000131153.9",531.01705502816,2.85126079641369,0.157708427673551,18.0793178809421,4.63783631458879e-73,7.29918969797827e-71,"GINS2"
"ENSG00000197587.11",101.856989851924,6.33451187243991,0.350526027455517,18.0714451318277,5.34939683988447e-73,8.38900054426168e-71,"DMBX1"
"ENSG00000286256.2",33.9294864936336,-3.62291208742353,0.200482744079096,-18.0709422352788,5.39838273951798e-73,8.43569345523966e-71,"AC084871.3"
"ENSG00000148488.17",259.561229354649,-3.54730713252877,0.197008850327387,-18.005826269398,1.75363213230364e-72,2.72091826605841e-70,"ST8SIA6"
"ENSG00000149554.13",693.364599166174,2.59992812354839,0.144392219909111,18.0060125482172,1.7477421191426e-72,2.72091826605841e-70,"CHEK1"
"ENSG00000125319.15",289.355649990501,2.72591951161302,0.151478137840926,17.9954648932616,2.11440344344923e-72,3.26913574654422e-70,"HROB"
"ENSG00000101115.13",196.092095648258,3.41966419832067,0.190112813047431,17.9875524616403,2.43894704151203e-72,3.75768998571205e-70,"SALL4"
"ENSG00000168078.10",421.726403592668,3.37437698941711,0.187737182093391,17.9739407601128,3.1176121279126e-72,4.78651568309938e-70,"PBK"
"ENSG00000163808.17",360.108673509391,2.67763616185834,0.14904355891083,17.9654604427442,3.6325147381297e-72,5.55762098088067e-70,"KIF15"
"ENSG00000177303.10",1835.09879399121,-1.73009591898171,0.0964877783646504,-17.930726028775,6.78873833570943e-72,1.03504687611459e-69,"CASKIN2"
"ENSG00000189057.11",528.957630211417,2.73218764174471,0.152442720359095,17.9227163836275,7.84044700451192e-72,1.19125961234643e-69,"FAM111B"
"ENSG00000111897.7",9707.34379149911,-1.17562618381393,0.0656501517591998,-17.9074404599405,1.03172027523572e-71,1.56216680295174e-69,"SERINC1"
"ENSG00000164736.6",166.770450099406,-2.71525866919379,0.15167384196042,-17.9019574772975,1.13849029600067e-71,1.71790752224705e-69,"SOX17"
"ENSG00000143512.13",432.700820871862,6.07271112312467,0.339389429730834,17.8930473112874,1.33598331147057e-71,2.00900778105043e-69,"HHIPL2"
"ENSG00000203499.12",1747.84646590303,2.23273285183948,0.12483688643986,17.8852013656644,1.53796569941215e-71,2.30484893724189e-69,"IQANK1"
"ENSG00000144843.11",844.922525729278,-1.6082523202446,0.0899318781027388,-17.8830060505055,1.59974430835948e-71,2.38927797891377e-69,"ADPRH"
"ENSG00000140534.14",229.401324718296,2.87323597614229,0.160924736785228,17.8545327060372,2.66501870566865e-71,3.96681258867492e-69,"TICRR"
"ENSG00000106327.13",148.697678519326,2.94899117901907,0.165260376579139,17.8445144568993,3.18862517121929e-71,4.73015308338645e-69,"TFR2"
"ENSG00000127329.16",2286.55345188221,-2.55591023963117,0.14327364239294,-17.8393610781624,3.49671219499975e-71,5.16971826540199e-69,"PTPRB"
"ENSG00000154040.21",390.982982808747,4.58538512318365,0.25718374415377,17.8292183212095,4.19241617726837e-71,6.17748303167296e-69,"CABYR"
"ENSG00000137203.15",566.917214654248,3.74166824082522,0.209910666358644,17.8250505595193,4.51682271669364e-71,6.63323362842868e-69,"TFAP2A"
"ENSG00000169258.7",418.965183169367,2.69579897508159,0.151439480250146,17.8011636769269,6.92155916171976e-71,1.01308554263705e-68,"GPRIN1"
