"gene_name","gene_id","baseMean","log2FoldChange","lfcSE","stat","pvalue","padj","significance"
"TFF2","ENSG00000160181",446.619529381678,9.60012400465313,0.750942155802651,12.7841058468637,2.01163023195215e-37,2.9796440182384e-36,"Upregulated"
"MAGEA3","ENSG00000221867",410.703305743429,9.1986788746324,0.710876484178876,12.9399116152473,2.67937571145629e-38,4.11873450215527e-37,"Upregulated"
"MAGEA6","ENSG00000197172",326.052389286535,9.17536066582756,0.767005005143215,11.962582518108,5.57991153889523e-33,6.5945414244024e-32,"Upregulated"
"PDX1","ENSG00000139515",55.690840336456,8.80195634586775,0.615294691481879,14.3052694387287,2.02850648373528e-46,4.70156301988022e-45,"Upregulated"
"MAGEA12","ENSG00000213401",213.790879026315,8.75511808323128,0.702764801355292,12.4581055658264,1.26336122693446e-35,1.71512309814403e-34,"Upregulated"
"FGB","ENSG00000171564",6728.2921554279,8.6356226212213,0.506409940107874,17.0526325359683,3.3413906750429e-65,1.69850861785633e-63,"Upregulated"
"COX7B2","ENSG00000170516",20.669944445421,8.29766987378339,0.964115435918937,8.60651076068972,7.53180819589211e-18,3.69730162000268e-17,"Upregulated"
"PITX2","ENSG00000164093",327.307213372325,8.21980619250587,0.39371832160121,20.8773779159598,8.59826890159838e-97,1.83153363638452e-94,"Upregulated"
"TFF1","ENSG00000160182",1028.77567683017,8.12177082193621,0.479552900696462,16.9361311549588,2.43629780472312e-64,1.19105673824893e-62,"Upregulated"
"SERPINA4","ENSG00000100665",110.88494935985,8.09283423743606,0.560530521090859,14.4378119173358,2.99190365760934e-47,7.1094465000802e-46,"Upregulated"
"PAX7","ENSG00000009709",440.387717655878,8.01164224694315,0.580437779710055,13.8027580681347,2.45285420593042e-43,4.86034554891618e-42,"Upregulated"
"C11orf86","ENSG00000173237",99.1208801535217,7.80646787613889,0.456004254836325,17.1192873604675,1.06571992601796e-65,5.51125047290157e-64,"Upregulated"
"LIN28B","ENSG00000187772",21.8435468641413,7.70969743056208,0.791364377791665,9.74228515576643,1.99027533069463e-22,1.32042997746085e-21,"Upregulated"
"NKX1-2","ENSG00000229544",86.8051935651857,7.67809791637104,0.488365347034138,15.7220367149316,1.06833431114821e-55,3.78528828304453e-54,"Upregulated"
"HOXC12","ENSG00000123407",46.169352965723,7.66838763073162,0.741908440725275,10.336029636265,4.84184103856194e-25,3.71028101511729e-24,"Upregulated"
"INSL4","ENSG00000120211",130.474656231506,7.56285456005659,0.667342290784149,11.3327967738565,9.02753206599783e-30,9.07979939611575e-29,"Upregulated"
"BARX1","ENSG00000131668",686.171792399291,7.53874634155397,0.43015925744767,17.5254773924541,9.15697367849149e-69,5.44337973519097e-67,"Upregulated"
"PRAME","ENSG00000185686",1066.62960261342,7.53458946508109,0.395587248660432,19.0465933636519,7.01194929840858e-81,6.63834967176851e-79,"Upregulated"
"PAEP","ENSG00000122133",3180.80417808278,7.45518370513986,0.425399841126667,17.5251210376452,9.21452614570242e-69,5.45945418294879e-67,"Upregulated"
"FGL1","ENSG00000104760",1757.42683912484,7.44708896772287,0.395409735916077,18.8338533204541,3.98668481737822e-79,3.46280346783245e-77,"Upregulated"
"SLC6A4","ENSG00000108576",1082.89694979364,-6.14669276251818,0.311047623325082,-19.7612593750448,6.41832826832005e-87,8.57038415709333e-85,"Downregulated"
"AGER","ENSG00000204305",13936.2338338991,-5.0210544034218,0.26600697995172,-18.8756490688068,1.80887870335153e-79,1.58658169799357e-77,"Downregulated"
"CD300LG","ENSG00000161649",121.082516068101,-4.9579016225213,0.308479797655509,-16.0720464036934,4.00638840700886e-58,1.56862817870043e-56,"Downregulated"
"FABP4","ENSG00000170323",937.898718024526,-4.90053013937417,0.257418162911385,-19.0372353059685,8.38378799360582e-81,7.89532202997836e-79,"Downregulated"
"SERTM1","ENSG00000180440",114.410347624428,-4.77585991646719,0.392502688324769,-12.1677126259973,4.61843865612813e-34,5.76676363392189e-33,"Downregulated"
"ITLN1","ENSG00000179914",213.702177493201,-4.76944334410666,0.315293311421115,-15.1270045108456,1.07477436727766e-51,3.18393009167204e-50,"Downregulated"
"SFTPC","ENSG00000168484",164288.724932976,-4.71706030933633,0.373934951211582,-12.6146547522574,1.75324284910166e-36,2.48579828042599e-35,"Downregulated"
"CSF3","ENSG00000108342",437.229502370771,-4.66399981120654,0.316195762136181,-14.7503552220217,3.06049584549069e-49,8.17335106915893e-48,"Downregulated"
"ITLN2","ENSG00000158764",174.020697931611,-4.63922507122749,0.365201579183741,-12.7031900617642,5.6767640496343e-37,8.26479569895089e-36,"Downregulated"
"HTR3C","ENSG00000178084",19.0258747491743,-4.55470453163501,0.364171477659541,-12.5070325685779,6.83294215354973e-36,9.3903098274551e-35,"Downregulated"
"FAM107A","ENSG00000168309",1690.00152074688,-4.54221434661921,0.20339954319276,-22.3314874523321,1.82742889944514e-110,1.12752363095765e-107,"Downregulated"
"FCN3","ENSG00000142748",1473.75887909624,-4.51467952758117,0.221979702918051,-20.3382537602902,5.8993817942046e-92,1.04512513310597e-89,"Downregulated"
"MYOC","ENSG00000034971",33.0885889819408,-4.50726060521955,0.308423687689773,-14.6138600409744,2.29157931261247e-48,5.80782275362251e-47,"Downregulated"
"CLEC4M","ENSG00000104938",15.7291368669145,-4.48792834958267,0.291135213313777,-15.4152714764384,1.29226659291414e-53,4.18886343242984e-52,"Downregulated"
"CHRM1","ENSG00000168539",27.29198216775,-4.48077991255765,0.327666009056472,-13.6748389784471,1.43524641407216e-42,2.74661647989232e-41,"Downregulated"
"ANKRD1","ENSG00000148677",562.961899898953,-4.43288109302208,0.292387730710461,-15.1609682193257,6.41171206610697e-52,1.92168783917675e-50,"Downregulated"
"GPM6A","ENSG00000150625",413.784903542768,-4.41672120961787,0.262265723509393,-16.8406345690831,1.22911330463833e-63,5.88035410692345e-62,"Downregulated"
"HBA1","ENSG00000206172",20.2774984016846,-4.3503225799981,0.266703035510204,-16.3114850630624,8.17800695350953e-60,3.34849149700563e-58,"Downregulated"
"CA4","ENSG00000167434",313.098011808078,-4.34108985173215,0.275746870478785,-15.743024913373,7.66883593769402e-56,2.73889184497324e-54,"Downregulated"
"TMEM100","ENSG00000166292",1117.02030809051,-4.33883067616173,0.235981344335134,-18.3863291752413,1.69045280612753e-75,1.32084157467423e-73,"Downregulated"
